product_id,type,base_currency,base_price,coin_quantity,reference_name,display_name_en,description_en
hrsrzorpkreajmwb,Consumable,USD,0.99,360,Koko 360 Coins,Koko 360 Coins,Add 360 coins for optional Koko gifts and decorations.
nfqsfmisuvrnetzu,Consumable,USD,1.99,780,Koko 780 Coins,Koko 780 Coins,Add 780 coins for optional Koko gifts and decorations.
pmwqzntlcxvfrsda,Consumable,USD,2.99,1240,Koko 1240 Coins,Koko 1240 Coins,Add 1240 coins for optional Koko gifts and decorations.
rkkuocvmcmaqhxlq,Consumable,USD,4.99,2280,Koko 2280 Coins,Koko 2280 Coins,Add 2280 coins for optional Koko gifts and decorations.
rvthzqpamnueclfd,Consumable,USD,9.99,4920,Koko 4920 Coins,Koko 4920 Coins,Add 4920 coins for optional Koko gifts and decorations.
ztyjvowtyrkjtspk,Consumable,USD,19.99,10600,Koko 10600 Coins,Koko 10600 Coins,Add 10600 coins for optional Koko gifts and decorations.
kdhvxqjpnrtwbsme,Consumable,USD,29.99,16800,Koko 16800 Coins,Koko 16800 Coins,Add 16800 coins for optional Koko gifts and decorations.
tsvizuhgbkfzzhos,Consumable,USD,49.99,29600,Koko 29600 Coins,Koko 29600 Coins,Add 29600 coins for optional Koko gifts and decorations.
aiapsuakjxhtmttt,Consumable,USD,99.99,64800,Koko 64800 Coins,Koko 64800 Coins,Add 64800 coins for optional Koko gifts and decorations.
